firstname;lastname;num_account;phone;amount
Anthony;Carr;c1-7453394l;(459)261-1471x992;76137
Gabriella;Sanders;j1-2207555C;497-256-2958;250993
Thomas;Mann;A0-226576d;314-440-4229x044;338581
Tasha;Barker;x9-2129311j;(398)800-3567;113153
Kimberly;Clements;H3-4986205x;-5412;195574
Patricia;Paul;J1-7577195D;193-504-7103;441578
Diana;Hampton;j6-0069964Q;910-643-3549x7176;141910
Kayla;Matthews;H7-9217722E;-4995;251081
Jennifer;Winters;o5-276564C;(220)918-9195;486871
Kim;Manning;x5-6766613C;-4282;314967
Jerry;Estrada;x7-2204280j;936.256.7503x251;486495
Charles;Wyatt;y1-9958934b;276.753.7032;319267
Reginald;Johnson;X7-3662942e;263-863-1305x1414;477964
Jessica;Torres;w6-9993530D;(597)633-9181x948;371262
Dave;Todd;G6-3832941g;001-610-786-3356x96634;464114
Karen;Mitchell;Z2-4709907t;323.307.0046x9014;198164
William;Garcia;y6-9267931m;(399)137-6388x92479;352009
Krystal;Smith;Q9-6885740A;194-186-8054;378056
Laura;Watson;I7-5125714B;1626314260;219299
Amanda;Wilson;Q8-0476204k;716-455-5504x3374;168887
Ryan;Ortiz;w7-3092415i;302-307-1145x757;157403
Mary;Reed;r4-3055686Q;605.682.2607;448441
Megan;Brown;V1-4213413i;001-262-959-2136;442021
Carla;Frazier;O5-8177752p;-6137;402702
Rebecca;Thompson;L3-2273931h;242-024-4241;214425
Austin;Bowen;o1-4023397e;001-762-737-7085x699;329861
Rebekah;Harris;a7-2097813e;(051)732-1204x54037;193357
Rose;Smith;M7-0929813l;-8289;411391
Kenneth;Sharp;Y5-8205672a;889-454-6555x21707;358007
Paul;Yates;O7-8049002Q;239.954.8506x929;53412
Christian;Nelson;j6-5928268Q;2643143211;184180
Frank;Duncan;z9-0611269W;653-830-7738;374968
Zachary;Maldonado;c5-2104953l;+1-268-801-6440x1052;169146
Joe;Brown;m6-5196826a;833-465-0914x25442;446697
Emily;Kelly;j1-2187026m;482.757.9476x9928;156608
Keith;Hill;c2-5308881v;-9758;196649
Brittany;Dixon;B6-4415839n;392.297.8148x60569;278047
Christine;Cox;M7-8109421C;216.798.4373x061;119801
Robert;Neal;v8-1248980n;(847)747-7498;497414
Joshua;English;E0-5898084z;240-183-3394x99484;494372
Alexandra;Anderson;T5-4217949w;077.380.9097;300893
Stacy;Curry;Z8-9105959q;021-776-6490;463990
Stephen;Young;z5-5914518q;001-023-001-9297x4031;285923
Sean;Graves;y4-1454357q;001-366-655-7698x9594;190343
William;Reid;s6-6078381e;973-967-1632x0157;381857
Julie;Schwartz;Q9-3478951B;118-930-0590x87090;178397
Samantha;Joseph;j5-9236760x;(605)119-9793x9950;105171
Catherine;Kelley;x8-938991d;(375)828-5569x74659;364659
Evelyn;Morgan;c9-2762884P;7512775607;135323
Andrew;Lee;H2-0621458w;2769622727;92590
Caleb;Robbins;T3-1283180P;(296)053-0302x836;359190
Thomas;Wheeler;a4-7526887G;943.496.1666x2269;219355
Amy;Clark;k0-3795855L;+1-542-995-7368x6928;244335
Randy;Bishop;H2-5377250Q;416.733.4633x4682;248384
Ronnie;Tucker;a1-6685058f;925-859-1005x8025;126158
Patrick;Chambers;K8-1871313c;+1-853-886-1873x968;433825
Brandon;Alvarez;K6-1446639h;198.796.4017;308173
Tom;Hester;e5-8485492s;872-688-0612;78815
Kevin;Perry;p9-0592505q;932-048-6787x471;414104
Andrew;Smith;A6-8098419H;983.118.9573x040;74546
Sheila;Johnson;z2-4974939o;+1-833-070-3895x8632;278915
Angela;Harvey;L1-4441082w;(087)585-7653x927;94262
Ashley;Hunt;Q5-9122980X;(565)041-3942x9233;342418
Robert;Johnson;B3-0028500V;284.831.2927;486499
Kara;Torres;d8-8335950Q;128.406.6390x6547;210648
Bailey;Jackson;O5-1058050v;4738641472;58880
Jacob;Boone;q7-3735182z;+1-221-091-8203x60335;270956
Michelle;Diaz;v1-4972709K;(986)347-4804x767;344075
Rachael;Garrett;A2-0532242r;(395)827-0610;461322
Elizabeth;Collins;x9-3815273h;080.205.1622;88687
Megan;Hardin;c7-5602498w;001-585-119-5746x231;337659
Dylan;Hendrix;g6-9206780P;001-904-638-9061x07615;429184
Tammy;Swanson;c9-7031436D;(323)285-7181x09009;52117
Michelle;Dennis;i5-9788992U;329.571.3340x096;476756
Taylor;Gross;c6-9923183w;859.733.3080;53875
Ryan;Smith;T5-8288203p;886-150-3959x873;365642
Barbara;Galloway;N1-0457055s;(024)725-3311;249334
Sean;Morris;q3-1978078k;387.723.3094x36812;148484
Nathaniel;Potts;P9-0527337v;001-429-902-4690x72850;237239
Wendy;Logan;S3-335500Y;001-550-454-8364x60990;310929
Francisco;Austin;z0-3288995N;(111)150-8802;466991
Drew;Henry;t9-7474417s;(698)980-7395;372246
Travis;Martinez;k0-7003957j;149.305.9131;50607
Elizabeth;Camacho;w3-7608707V;867-973-3926x8815;273343
Tammy;Kaiser;h0-9387093X;+1-393-935-5848x49423;355249
Timothy;Russo;k7-1774906v;8609204378;349548
John;Marsh;x2-8709559d;895.168.1167x74495;415008
John;Smith;R6-1419300N;469-863-3092x61112;344693
Michael;Carney;R6-8737299P;7852944543;263625
Tracy;Myers;D0-6962724q;(580)609-4702x642;437531
Michele;Oneal;Y9-6384221s;969.124.0683x277;221318
Rick;Brown;d1-4104761S;503-687-7052x1479;183275
Vicki;Cole;W3-3461960q;+1-097-553-4255x9621;486226
Kimberly;Collins;M6-2381111A;7742519185;112025
Holly;Garcia;J0-4971468A;4531682745;107731
Tammy;King;k5-0214532H;048.226.9615;50265
Ricky;Stephens;c7-7281491l;4584659250;193282
Erica;Patterson;a8-8903697P;001-083-047-7763x59470;142727
Caroline;Schwartz;G5-7186624m;580.084.7695x79754;185774
Kathryn;Moreno;k0-6647666J;3690239376;180243
Jason;Walker;I5-6871991E;801.242.4127;130862
Stephanie;Smith;J5-0507318n;981-302-6385x3183;325742
Kathryn;Roberts;v0-8774872u;150.907.5686x511;307316
Micheal;Porter;P4-6325444m;867.502.9323x60185;200734
Stephanie;Roberson;w4-7798087U;001-150-270-3832;358188
Amy;Williams;s3-5654426u;+1-175-363-2643x49097;365559
Cheryl;Lane;r2-5612481j;227.581.1385x8898;333612
Joshua;Smith;c3-9757554G;001-027-981-7625;103175
Daniel;Lee;k0-2577228x;1599321804;491111
Justin;Miller;Z3-014556K;319.009.5061x4158;351949
Stephen;Chavez;W4-9026510W;+1-431-898-3605x271;112839
Susan;Barajas;h1-4059147b;244-978-7687;382428
Timothy;Perez;c8-1418596m;247-833-5566x9182;191132
Beth;Butler;e4-5157612D;(982)255-4001;250428
Jenny;Singleton;p4-769234h;038.379.2169x500;266119
Edward;Casey;g5-4258562o;896-030-3911;414615
William;Sandoval;h4-5534770S;+1-134-068-5615x189;189567
Douglas;Lucas;R4-0634854f;001-948-649-4019x34090;471954
Courtney;Robinson;b9-0717282T;7077395448;213669
Robert;Zimmerman;r0-015671Z;162-339-7289;449314
Heather;Reyes;W2-4721891Z;325.591.7900x6085;481051
Adrian;Murray;B7-7113367q;067-569-4662x603;323569
Debra;Baker;f0-7898736S;001-356-208-7171x76896;79807
Frank;Landry;x4-48169g;(626)688-8489;462385
Joseph;Thomas;E4-9394008M;(383)245-2431x2542;470224
Michael;Randall;R1-4769601U;7584922452;149901
Jacqueline;Johnson;k4-8556901r;(920)529-5583x889;396505
Steven;Brown;B8-5005143H;058-335-6979;221555
James;Price;i8-2318480o;(930)995-9545x8321;359381
Tracey;Brown;p5-7473465y;9266073447;136781
Kimberly;Leon;x0-4076966w;834.365.7620;162081
Jasmine;Thomas;R0-630409s;-8012;131401
Nathan;Bond;W5-2841439s;+1-956-969-8823x7536;154527
Rhonda;Romero;i5-6955120U;630-704-6571;220874
Anna;Pena;W6-6497342U;(564)867-0684;165649
Eric;Green;H7-6458029w;(978)449-5695;485570
Crystal;Butler;Y3-9391578V;710.498.7361;266768
Elizabeth;Bailey;S3-9358646e;396.255.0212x1199;472706
Robert;Burns;R1-3714081u;509.498.8561x18964;218645
Brenda;Perez;K8-3058079Z;(468)212-5340x3087;188830
Rachel;Hill;K3-3269121V;670.961.1932;352770
Brian;Torres;j7-0967144C;588-145-8989x715;412946
Lisa;Morales;R1-2811872e;001-461-410-4523x455;250451
Arthur;Wallace;J1-5723912J;001-560-661-7259x94844;303967
James;Lane;Y7-2505365z;106.276.6213x01694;112418
Jennifer;Stephens;s4-3576508i;(601)790-4430x144;438806
Jennifer;Cruz;K5-9881796C;600.955.3280;152711
Harold;Jimenez;A2-0073322s;315-933-6813x25404;232806
Mary;Kelly;t2-0011458Z;(996)799-4282;98774
Joshua;Aguilar;D0-4352882l;531-895-3131x4109;480619
Gregory;Baker;D3-2894566I;327.435.3445x2723;347695
Kimberly;Baker;j0-0625717M;063.817.8248x866;236843
Lisa;Barnes;e5-6187632F;5669761412;407912
Charles;Greene;M6-5944200L;344700641;192012
Timothy;Mccoy;d8-8945279n;(593)597-3878x145;420952
Derrick;Torres;j7-7955815l;+1-613-186-0246x2684;267688
Maria;Vega;p0-2201065U;+1-305-057-4901x32829;255418
Amber;Clarke;P5-6075832G;+1-373-182-0443x767;294631
Daniel;Anderson;v9-3829176R;(850)281-3877;121745
Lindsay;Warner;o5-4051832E;+1-662-274-7478x91056;391242
Travis;Wyatt;X9-6659777M;834-125-5042;87193
Stephen;Garrett;a9-1661494A;001-101-422-8961x704;228470
Patrick;Johnson;A7-3956629T;-10040;54890
Denise;Mcknight;g9-7292299v;001-220-721-5184x435;259297
Michael;Johnston;O2-8658823x;(973)517-6393x565;370815
Patricia;Martin;i8-420352t;(376)421-2674x588;210559
Matthew;Williams;s4-0567234a;001-735-167-1421x730;73182
Robert;Sampson;H2-8986183b;(210)993-2013x4814;354937
Peggy;Nguyen;N6-8781125O;799.094.6462;394724
Joshua;Harrington;K3-7868338H;955-732-1192x60852;61274
James;Cooper;J2-1983975x;(532)785-4936x634;198192
Donna;Banks;r1-9945250t;479-989-3587;329561
Cindy;Deleon;n4-2784772v;001-446-110-2858x046;184377
Jacqueline;Chandler;v4-2841126H;297-189-6424x85598;459531
Lori;Stevens;p3-7517884n;001-391-841-0701x8530;440434
Julia;Martinez;K5-7337641e;+1-174-925-0373x335;439254
Frank;Hill;w4-9927537U;035.984.8117x277;457085
Carmen;Murray;f1-9698301X;001-534-982-1070x791;257961
Timothy;Hood;s5-2978942r;595-319-8024x8413;399447
Jessica;Baxter;T9-634968Z;001-278-553-3967;314363
Kyle;Nguyen;Z8-8109643g;429-731-7303;298422
Yvonne;Rocha;f8-6192204B;001-168-130-3229x220;302421
Jessica;Simpson;L6-4943345I;(753)124-5131;287446
Vanessa;Barron;i9-8063151G;648-989-5153x15665;355979
Matthew;Patterson;J2-0149576h;358-819-0902x95504;97890
Michelle;Knight;O7-3853606F;314.017.3923x75274;256091
Richard;Williams;N5-2555719O;941-051-9209x4102;258047
Brittney;Gutierrez;H2-1058639s;(821)493-8021;472824
Jessica;Jenkins;z7-5899528G;584-387-6042x75329;427307
Jacqueline;Smith;g7-1755099m;4766429879;253652
Christine;Gonzales;d7-9366566X;798.859.4467x2706;444838
Candace;Barker;Y0-3468832J;905577529;376663
Robert;Watts;h1-0767508S;(812)917-5966x731;84708
David;Ferguson;b5-5495066x;001-749-428-5535;81877
Michael;Ponce;Z0-2331545L;(511)310-4169x959;160652
Melissa;Holder;I7-2764696m;(069)504-2817x14995;458825
Ricky;Silva;d2-8091636O;8853308338;250604
Scott;Orr;e5-7859076L;995.553.6745;309413
Jenna;Scott;P1-4817865o;001-276-972-4679x170;314751
Diana;Cunningham;c8-549655b;853.260.8824;253782
Kathryn;Christensen;W6-6357534F;(223)105-8129;216908
Nicole;Ruiz;x4-5848534d;320.182.6238;252962
Melissa;Gomez;r7-8822976e;(365)178-6934x8331;413400
Holly;Martin;S6-8456518s;7040094250;499865
Kevin;Perry;p6-1977903a;151.244.9691x73280;151885
Victoria;Solis;B1-1052255O;001-637-314-1476x7979;351213
Jeffrey;Chung;L0-6686545V;504-338-2730x7979;447759
Lauren;Fowler;D7-8629992a;535-473-1738x470;126879
Jennifer;Morrison;T4-467637i;488-260-7253x867;211650
George;Williams;a0-0178448h;001-467-514-1314x09155;277175
Eric;Watkins;t8-6805768d;3308258045;224531
Peter;Clark;l1-3933684R;(911)559-3600;242000
Tina;Rodgers;g8-7853410X;+1-941-760-7472x15828;62893
Robert;Johnson;c2-8112128n;573.015.2590;258286
Shane;Hernandez;f4-8375890o;001-332-991-0178x48230;128350
Kayla;Knox;R0-9762017h;176.195.4033x6059;254677
Sierra;Bradford;X9-2252982F;001-168-478-0221;331665
Jonathan;Miller;e1-9021982c;+1-945-422-8012x1581;466804
Justin;Gonzalez;o8-6761577t;556-646-5225x35453;293532
Dominique;Cowan;S0-0176594e;+1-317-354-2288x0874;306575
Jeffery;Dorsey;U1-4102930W;648.322.9053x031;245377
Amanda;Crawford;X1-4332924R;+1-524-718-2581x1679;370612
Ann;Dunn;S4-3125293c;001-771-345-2523x6748;461870
Nicole;Macias;b6-4327227h;+1-217-608-8872x3213;498726
Angela;Carlson;a1-5424722q;001-417-395-1321x25210;454681
Glenda;Nielsen;m9-9574885i;134.569.6458x58814;143417
David;Smith;Y1-0155036y;001-095-970-4805x962;196193
Jackie;Santiago;P6-2753120q;183.866.5997x287;322352
Richard;Zimmerman;f8-8631571f;6411499574;423483
Hunter;Black;S5-0322486S;001-653-818-7743x6224;439764
Heidi;Ferguson;g8-5138454f;(597)838-5985x97740;352803
Sherry;Higgins;Z8-3472585N;269-945-8287;143543
Ryan;Manning;O9-81495O;188.388.4328;144500
Laura;Lewis;I2-5457936f;(410)193-9422x713;61223
Kristin;Jenkins;Q4-4166584v;(228)225-5708;366758
Christopher;Patton;W6-7954422t;9597034565;340054
Michael;Henderson;P1-5738332Q;594.967.2247;377793
John;Reese;o4-2084846e;646.045.8973x57595;279582
Joel;Nguyen;o9-6664691e;(097)928-4014x4130;393952
Melissa;Arnold;a5-6441823G;(359)818-9479x63315;144257
Thomas;Wright;q5-5882736P;001-875-310-7823;303065
Mark;Carter;E3-5453325y;(922)683-0269;258277
Ryan;Smith;W2-1545376D;5706078981;469417
Jacob;Hayes;u3-5629469b;529.436.4687x15058;487761
Jason;Clayton;l6-9622030i;578.239.9593x77621;55219
Jeffrey;Mckenzie;R9-8219452p;(857)175-2326;385215
Robert;Gilbert;P2-0716125S;691-183-7567x1636;111756
Stephanie;Phillips;i8-2486131s;569-942-3394;476669
Noah;Trujillo;Y8-7943716C;432-955-7540;66756
Amanda;Webster;Y8-9624916V;(990)148-5630;346870
Angela;Anderson;B7-0584130k;001-722-986-2247x26472;282665
Christopher;Smith;G8-173777K;(273)014-4316x0233;480987
Michael;Curry;D9-1067736b;001-848-101-2256x733;272081
James;Fitzpatrick;S3-5236232Q;848-306-0449x6668;461288
Christopher;Matthews;q2-5052998g;001-125-819-7067x872;64092
Michele;Wilson;n0-2179723P;660.473.5235x051;473263
Kyle;Mason;S1-5775482f;-2289;62190
Margaret;Ayala;t7-0349294K;001-280-658-1134x72418;481844
Chase;Payne;J9-0399894s;693.360.9803;168075
Dawn;Mendoza;G8-162253O;(089)152-1905;131314
Julia;Guzman;L7-078852T;001-236-244-5841x86322;74060
Juan;Glenn;Z2-9274319s;915.842.0579x45148;318031
Anna;Jackson;z1-3545250x;467-234-1694x0083;366627
Matthew;Carey;A9-9337966w;470.930.8549;449477
Christina;Waters;e6-6468933h;817-165-9145x845;347994
Robert;Powers;Z8-7718040c;001-447-806-8014;396582
Brenda;Fox;j1-0804818P;(338)673-7438;305853
Troy;Jefferson;F2-9024836c;236.791.8989x539;260216
Chloe;Porter;d5-469606a;(430)458-9177;498750
Seth;Pham;N6-8228502T;233-066-1119x59895;331802
Eric;Scott;B4-2616494r;(334)272-3287x318;400145
Brandon;Edwards;d0-2106313S;001-669-857-0719x675;439253
Isabella;Rogers;s7-5289358m;(265)967-3360x271;179180
Alexandra;Pennington;t1-6157548W;631-729-0707x4934;443470
Gina;Pruitt;T3-7536982R;+1-423-546-1289x8782;267207
Patrick;Hahn;u5-8101559U;216.298.9057;385313
Jeffrey;Hill;x5-511941W;680-635-9598x365;152079
Amanda;Brown;u3-8327155g;9177221966;412564
Gordon;Bowman;h7-8556163Z;7523212230;86068
Robert;Logan;E8-2655696t;001-252-774-3555x6339;156100
George;Williams;g2-3976212n;467.392.2065x5072;127877
Sarah;Evans;p6-5898375a;(864)375-7649;363881
Zachary;Knapp;j3-2543282U;771557925;259585
Daniel;Young;W3-695751w;8104842047;301747
Tammy;Miles;z3-6554714h;7801106983;339825
Susan;Bell;w2-1998527o;320-167-0102;219113
Thomas;Acosta;r2-1094723d;821-501-3662x154;487427
Bryan;Pope;g8-4157610O;827-937-4420x120;96566
Paul;Johnson;L9-1859854F;2379444187;420479
Megan;Martin;B3-2156481E;5768032010;419399
Daniel;Bailey;i8-7664394i;(508)931-4383x3908;299704
Shelby;Cox;r3-9337181R;005.148.7912x812;205547
Sarah;Jones;t4-2235242x;508-937-7289x627;248866
William;Moreno;r0-3295223D;+1-713-827-8327x5095;229589
Brandon;Huffman;k4-0615806l;8189974614;97492
Robin;Turner;r1-4899368c;295-926-6923x6935;364161
Wayne;Hall;Z8-8334265S;131-309-7115;329787
Sergio;Hicks;q1-8448753j;001-823-357-3142x5475;193830
Erin;Patterson;H1-1316385L;-4158;304553
Anthony;Carroll;M4-9357949u;-10947;141663
Kari;Hunter;N0-176870Y;256-370-8236x7183;153932
Patricia;Hamilton;A2-0148817x;637.751.3882;311589
Danny;Calhoun;M2-0782298L;(229)785-3451;258270
Dennis;Mooney;E4-7759037B;001-166-764-3265x9940;394192
John;Webb;L1-9812835D;(040)102-9794x39532;281425
Joshua;Rogers;x5-3456305E;(582)687-0871;381868
Nicole;Brown;T3-1305317M;001-866-544-1172x77084;216688
Kathleen;Kelly;B2-1662735Z;699.037.2578;223866
Amy;Thompson;f2-5715738c;(895)536-7497;272694
Melinda;Gillespie;J3-9339569Y;413-374-3864;66608
Bonnie;Bailey;c6-5687995T;9897201625;252994
David;Lopez;C4-7753499w;327-590-7560;261365
Carolyn;Vasquez;S3-5169593J;721-708-7375x93941;228545
Sandra;Scott;o0-7405832w;358-090-8764x342;230348
Jeffery;Weber;E8-2544466L;+1-660-751-1477x91436;82343
Tony;Robertson;P8-5483045t;001-379-276-9200x2689;337653
Paul;Smith;U1-8641715g;(568)051-2815x304;262234
Brenda;Mason;h4-0855068z;001-225-628-7918;495192
William;Lee;X1-88646U;+1-076-835-6424x75399;367033
Laura;Mccormick;w6-2289109K;317-787-1927x49239;357709
Kimberly;White;d7-1129778I;853.052.6526x2916;441801
Catherine;Holmes;y0-0753939L;754-534-9820x67663;353212
Robert;Taylor;b1-6372139a;872-569-2531x21768;486946
Brandon;Ware;u8-4113044e;506-167-1944x7128;226063
Joyce;Griffin;i8-8301077G;(718)754-9064x33331;358395
Tamara;Hurst;r6-5976683J;(541)136-9140;145528
Xavier;Best;A3-57398y;387.959.2269x26050;466834
Jessica;Singh;W9-640594w;(935)934-4191x72079;67686
Randall;Wood;b9-834563C;(708)107-1871;361224
Paul;Edwards;F8-9603533x;314-525-7009x8054;141381
Toni;Robles;v9-4941197L;001-081-311-3311;396646
Austin;Ray;h0-0718413m;(938)370-0112x60993;469827
Anthony;Miller;j1-131960F;(857)378-4230;65454
Alexis;Johnson;j0-5695675q;2994064121;431804
Christopher;Jones;R1-3287595T;+1-939-243-1257x0096;120392
Stacy;Reyes;i4-4506027T;532-506-6199x75044;405566
Johnny;Roberts;f1-3098694v;001-454-816-1867x516;443321
Chelsea;Young;l9-5444782e;(025)913-3197x77640;223838
Morgan;Vincent;u5-3891002q;(009)325-4105x939;303461
Christopher;Mercer;x2-7107446v;+1-148-431-3582x470;230463
Taylor;Hines;D2-2827A;153-340-1944;434341
Amanda;Perez;E2-2789009E;(655)497-8875x3166;283678
Jennifer;Lowe;E0-2868203W;851.268.6041x0570;154782
Elizabeth;Sanders;K6-803935J;558.429.8925;445491
Joshua;Jones;V3-5145048C;001-864-513-6920x5378;391851
Levi;Parks;V3-63985H;158-866-0671x144;295959
Ashley;Rivera;o9-1288694y;557.963.6644x6777;191579
Katelyn;Pierce;N1-8641287s;077.827.1713x7182;266515
Jamie;Hughes;r9-6299658z;(107)299-8927x897;282883
Shane;Shaw;V3-2149168s;+1-316-691-0600x255;214213
Michael;Kane;m5-7787412B;(896)499-0370x90667;387664
David;Richardson;Y5-9313949p;(261)413-0201;457845
Melissa;Moreno;g2-0587870v;425.694.9435;370366
Terri;Hurst;p5-2098277b;(637)576-8194x67588;91448
Monica;Walker;x8-0034062j;+1-829-444-9397x836;445484
Sherry;Forbes;I3-0752w;(957)523-3078;86455
Gerald;Hernandez;o9-3306235a;421.094.4787x4946;466785
Candace;Wright;V4-0947400O;306.900.5751x4438;156084
Stephanie;Bender;q2-1266162L;202-102-0356x0588;54748
Malik;Macias;g5-6846025K;001-082-288-7615x83226;471964
Katelyn;Fritz;s0-2847638N;6871569482;322776
Michael;Marshall;g2-4119849Y;776.985.8336x716;396401
Christina;Mccarthy;I1-8689685T;(512)335-4268x665;406208
Nicole;Frost;V0-4251968d;+1-245-249-7880x30622;150667
David;Carlson;i1-1785888v;(209)453-2753x07724;216455
Elizabeth;King;U3-2355279t;(437)093-2399x55336;293036
Leonard;Moran;e1-1937328c;(999)309-1926x483;77668
John;Mcintosh;m3-6751642x;001-314-693-1081x008;450327
Rebecca;Hansen;v0-7602558n;205.968.3099x23636;456785
Jonathan;Turner;z0-6522156l;979-141-7409;457932
Veronica;Clements;i5-7695644q;-6316;345061
Charles;Williams;L8-128569y;001-709-298-7818x888;272628
Thomas;Crawford;K9-3219223R;524.240.8296x01880;76317
Judy;Nichols;x9-6887146L;224-732-3547x452;107560
Erica;Lee;V4-5925874i;001-134-384-5196x602;294753
Amy;Mcdowell;C6-7942949g;(035)402-9994x3210;106250
Melissa;Miles;H3-4239718a;(365)601-5496;110901
Joseph;Luna;b2-1295670r;(796)588-0644x957;316432
Ian;Bishop;C7-6929011Q;001-780-848-7987;144442
Regina;Mccall;T5-1943879s;+1-929-615-8099x88550;339890
Carol;Jones;A8-7295465o;3011815483;394568
Amy;Underwood;m0-5504910G;(580)345-4295;191699
Cynthia;Velazquez;O9-5537631Z;577.330.9000x351;134830
Tracy;Petty;H7-5208577N;001-766-953-9187x979;229557
Connie;Baxter;A3-6504128o;+1-092-074-4972x008;488698
Chad;Clarke;E8-4352339G;+1-184-847-7889x55202;89854
Paul;Williams;b9-3588538A;001-717-197-1632x86886;215638
Brittany;Grant;h0-9354405W;283-570-2215;402609
Timothy;King;x3-732989M;(524)155-7805x1612;136806
Kathryn;Medina;G8-2968888W;(616)962-0547x33657;335634
Allen;Turner;C5-0474119W;020.626.5550x68461;410543
Kathryn;Jensen;Z6-4729016g;510-616-2388;365491
Lauren;Jordan;j8-3105995R;035-112-7822;366992
Stacey;Wolfe;Y2-2385078D;+1-419-621-5123x2698;267067
Marcus;Case;V5-213943O;3609238377;114585
Chad;Porter;V8-2012344s;6184073670;118265
William;Riley;u3-6836919I;743.161.2586x91236;413716
Chad;Petersen;e8-754295g;470.696.8687x4628;284601
Francisco;Baird;b0-244815O;(477)045-3814;80739
Brett;Zavala;z3-9665710M;-7740;227046
Tricia;Miller;s5-842448u;982.902.1913;460048
Benjamin;Hughes;t2-417745i;391.500.5021;493665
Michael;Daniels;X2-1462306G;580.070.1618;78305
Lisa;Melton;c3-0871454o;+1-582-053-2831x8704;372183
Trevor;Moon;n2-6295894c;-6421;117104
Amanda;Valencia;N7-1663993B;001-194-5465;222414
Robert;Barnes;x0-8634506b;(369)956-9645;193802
Amanda;Brown;n5-8177123o;4531148235;431076
James;Bennett;a0-6753730I;+1-791-935-2377x18728;375693
Ashley;Walters;f4-7728868U;-5463;103754
Grace;Stevenson;a4-3731164H;001-025-511-4640;324621
Gregory;Mendoza;N7-3717156u;631-303-3851;425055
Melissa;Garcia;A2-1942084P;(747)924-1314x771;155396
Amy;Garcia;U6-5073226N;+1-808-795-1314x12618;368887
Jim;Pruitt;A8-1173348i;345-754-0883x3920;174941
Michael;Dominguez;D2-5092266N;798.212.3991;331481
Marissa;Jacobson;T4-6396974x;809.800.4047x191;261994
Heather;Gonzalez;w9-7208322B;217-728-1723x74776;447690
Brian;Stewart;I9-5985525j;+1-121-255-4147x600;339632
Richard;Kemp;j3-8629286m;+1-074-920-7985x532;411995
Thomas;Peterson;I4-1823516x;784.304.7885x8936;450657
Michael;Martin;n1-7712483j;464.964.1237x67943;182389
Troy;Arnold;L0-1609745P;9708972737;242556
Robert;Crane;D8-6469641j;+1-687-894-6167x8903;224879
Brenda;Hawkins;G7-1331024R;606.309.5991x1816;433875
Steven;Short;e4-2197303u;688.898.6566;391859
Lynn;Reyes;N0-7858972Y;(459)141-6483;478785
Jonathan;Sutton;g6-3232642o;639.717.0868;184594
Adam;Mcfarland;F3-0676474v;(412)339-4246x9561;388389
Ashley;Jones;j2-8795366i;6354645596;70360
Tanner;Murphy;s4-3931161v;1229858433;326382
Matthew;Walker;F8-9091681m;164.965.3695x84348;342641
Alex;Norris;l2-2016102V;902.649.8711;224723
Christina;Hale;U5-9854072n;730.001.7321x52282;206074
Anthony;Bell;F0-0385395K;001-049-440-3644;355465
Andrea;Golden;B5-9362897V;418.871.7559;74245
Ashley;Brown;g0-4658172J;(335)625-1544;177753
Shelley;Fuller;Y2-040127w;(057)140-2073;134088
Howard;Franklin;n9-930641L;2906305937;288097
Richard;Smith;H4-5136110k;925-080-6597;458656
Pamela;Benson;h1-4973555P;(812)534-0334x855;301623
Stephanie;Harris;p4-2154324G;001-564-995-5846x9642;215352
Anthony;Young;N9-4373957V;496295980;416561
Maria;Young;c5-4098757L;(517)718-8016x174;94233
Jason;Stanley;w4-7663292C;-8952;482684
Amber;Herrera;V3-7595677U;209-809-0904x24155;95434
Kurt;King;A5-486655Q;006.867.2921;55644
Lance;Smith;G4-3878736f;650.263.9904x5591;448287
Daniel;May;y8-8149826o;+1-795-025-3412x978;469908
Tanya;Ward;J3-9983135g;001-544-134-8992x565;411447
Wanda;Zimmerman;u0-0749651F;+1-557-840-2550x86568;271635
Kristopher;Cooley;M3-0434286p;(371)949-4525x801;175320
Amy;Rodriguez;q6-5435816Q;(871)456-3802x0102;295085
Monica;Ashley;p9-1218196a;(075)499-4503x371;322639
Tiffany;Scott;h8-2939710B;001-898-188-9963x1591;456800
Daniel;Gonzalez;N4-5497318l;1551912303;308840
Christopher;Foster;U4-0559866f;+1-451-055-6521x753;472327
Lindsay;Schultz;W1-9875676X;+1-878-795-2736x54420;385331
Spencer;Gonzalez;g0-9113185a;001-750-846-9099x6236;339849
Amy;Huber;S3-7305671n;419.910.7654x78246;278401
Jacob;Jones;z8-7047709u;930-241-6095x71647;172073
Annette;Reyes;J9-1754897f;155281429;187363
Jacqueline;Williams;x6-7928117M;001-206-381-1888x64326;375665
Kendra;Baker;W4-9312528P;001-092-952-0072;189691
Austin;Gonzalez;x7-9258229a;+1-058-784-0688x335;269505
Susan;Leon;W4-3738879y;-9119;415971
Maurice;Lucas;W1-0633420m;001-024-264-7899x7779;201102
Philip;Giles;B5-7279622J;713.810.4969x58721;244058
Jeffrey;Long;Q4-7255836c;784.348.2356x256;185333
James;Hernandez;p2-4989489l;770-231-5826;281312
Roger;Thompson;B5-8501301c;892.881.9753x174;387279
Sheryl;Terry;B8-0319043J;512-828-2302;206109
Thomas;Wong;G1-3605051W;111-089-1644x8919;405355
James;Jackson;q7-1538695L;799.565.0843x8726;395009
Rebecca;Bender;k3-6254204w;256-381-7105;71179
Elizabeth;Cabrera;y6-4771786i;678-493-3300x342;388200
Christopher;Martinez;h7-9336172e;001-925-752-6242x55941;429412
Kevin;Baker;U2-8485590c;001-056-330-4070x64265;119705
Michael;Green;O9-0879219e;001-605-503-5004x2807;54966
Christina;Pope;Y3-9388887N;(574)216-3373x359;208470
Michael;Powers;i9-2169280x;001-366-226-2076x384;304778
Matthew;Floyd;D8-2475075m;014.182.9844x704;260506
Teresa;Ruiz;g4-8991484Z;+1-671-155-2268x996;349914
Gwendolyn;Ortiz;N7-1014530M;227.118.0011x62425;168609
Nicholas;Ibarra;s1-0569534y;643.968.8100x757;320639
Ashley;Smith;R5-0578027o;-9745;480637
Curtis;Shannon;Y9-6062411m;939.287.2692x056;223686
Nathan;Curry;f6-9427843H;(832)264-9529x00221;246922
Timothy;Lee;L3-8243436S;(241)118-6090x079;228555
Taylor;Horn;a6-4588928P;(532)638-2039x07079;262054
Eric;Smith;a4-9921243I;9403132931;497315
David;Shepherd;z2-6469417W;+1-597-985-3351x89548;225102
Wendy;Zhang;E4-8902266b;564-362-6183;158873
Joy;Arellano;l2-9993270a;879-165-2960x8145;392408
Paul;Smith;Y8-4984882w;-9701;266595
Johnny;Scott;d8-9645335j;001-912-885-3576x7068;408337
Carol;Dawson;R0-3618717v;436-103-1954x7539;203477
Nathaniel;Gross;c4-624817g;+1-928-129-2034x91421;276362
Tiffany;Wright;J9-3485813d;+1-026-078-9228x811;491452
Autumn;Larson;W2-1523377t;851-124-4122;401260
